{
   "decimalPrecision": 5,
   "models": [
      {
         "indices": [
            3,
            1,
            6,
            6,
            1,
            9,
            9,
            1,
            12,
            12,
            1,
            15,
            15,
            1,
            18,
            18,
            1,
            3,
            2,
            7,
            4,
            7,
            8,
            10,
            8,
            13,
            10,
            13,
            14,
            16,
            14,
            19,
            16,
            17,
            4,
            19,
            3,
            5,
            2,
            5,
            9,
            8,
            8,
            12,
            11,
            12,
            14,
            11,
            15,
            17,
            14,
            17,
            3,
            2,
            0,
            4,
            7,
            0,
            7,
            10,
            0,
            10,
            13,
            0,
            13,
            16,
            0,
            16,
            19,
            0,
            19,
            4,
            2,
            5,
            7,
            7,
            5,
            8,
            8,
            11,
            13,
            13,
            11,
            14,
            14,
            17,
            19,
            17,
            2,
            4,
            3,
            6,
            5,
            5,
            6,
            9,
            8,
            9,
            12,
            12,
            15,
            14,
            15,
            18,
            17,
            17,
            18,
            3
         ],
         "name": "RedBloodCell_One",
         "normals": [
            [
               0.00419999985024333,
               -0.9999799728393555,
               0.0044999998062849045
            ],
            [
               -0.00419999985024333,
               0.9999799728393555,
               -0.0044999998062849045
            ],
            [
               -0.9890199899673462,
               0.1477999985218048,
               -0.000699999975040555
            ],
            [
               -0.17479999363422394,
               0.9845899939537048,
               -0.0044999998062849045
            ],
            [
               -0.4793199896812439,
               -0.8776299953460693,
               0.004000000189989805
            ],
            [
               -0.4948199987411499,
               0.14600999653339386,
               -0.8566399812698364
            ],
            [
               -0.08950000256299973,
               0.9842699766159058,
               -0.15230000019073486
            ],
            [
               -0.23781000077724457,
               -0.8785200119018555,
               -0.4143100082874298
            ],
            [
               0.4934900104999542,
               0.1501999944448471,
               -0.8566799759864807
            ],
            [
               0.0812000036239624,
               0.9849900007247925,
               -0.15230000019073486
            ],
            [
               0.2451999932527542,
               -0.8764899969100952,
               -0.41429999470710754
            ],
            [
               0.9877200126647949,
               0.15620000660419464,
               -0.000699999975040555
            ],
            [
               0.16651000082492828,
               0.9860299825668335,
               -0.0044999998062849045
            ],
            [
               0.4866800010204315,
               -0.8735700249671936,
               0.004000000189989805
            ],
            [
               0.4934900104999542,
               0.15800000727176666,
               0.8552799820899963
            ],
            [
               0.0812000036239624,
               0.9863399863243103,
               0.14330999553203583
            ],
            [
               0.24518999457359314,
               -0.8726699948310852,
               0.42228999733924866
            ],
            [
               -0.49480000138282776,
               0.15379999577999115,
               0.8552899956703186
            ],
            [
               -0.08950000256299973,
               0.9856200218200684,
               0.14329999685287476
            ],
            [
               -0.2378000020980835,
               -0.8747100234031677,
               0.4223000109195709
            ]
         ],
         "quantity": 15000,