{"left":{"left":null,"leftPitch":-0.3672347664833069,"leftRoll":-1.0132509469985962,"radiusLeft":16.66699981689453,"radiusRight":50.0,"right":null,"rightPitch":0.0,"rightRoll":0.7853981852531433,"type":"bifurcation"},"right":null,"type":"root"}