{"left":{"left":{"left":{"left":null,"radius":50.0,"right":null,"skewPitch":1.4132803678512573,"skewYaw":-0.23628269135951996,"type":"cylinder","vLayers":50},"leftYaw":-0.7853981852531433,"radiusLeft":37.37200164794922,"radiusRight":74.14099884033203,"right":null,"rightYaw":1.139804720878601,"type":"bifurcation"},"radius":50.0,"right":null,"skewPitch":-1.5445467233657837,"skewYaw":-0.23628269135951996,"type":"cylinder","vLayers":50},"right":null,"type":"root"}