{"left":{"left":{"left":null,"radius":16.66699981689453,"right":null,"skew":-0.5425530672073364,"type":"cylinder","vLayers":50},"leftRotation":-0.017505653202533722,"radiusLeft":50.0,"radiusRight":50.0,"right":{"left":null,"leftRotation":-1.1332422494888306,"radiusLeft":31.058000564575195,"radiusRight":33.2869987487793,"right":{"left":null,"radius":50.0,"right":null,"skew":0.0,"type":"cylinder","vLayers":50},"rightRotation":1.1157366037368774,"type":"bifurcation"},"rightRotation":1.5707963705062866,"type":"bifurcation"},"right":null,"type":"root"}