{"left":{"left":{"left":null,"radius":84.63300323486328,"right":null,"skewPitch":-0.7569493055343628,"skewYaw":-0.5994333624839783,"type":"cylinder","vLayers":50},"leftYaw":-0.6059958338737488,"radiusLeft":53.34299850463867,"radiusRight":50.0,"right":{"left":null,"radius":16.66699981689453,"right":null,"skewPitch":0.5469512939453125,"skewYaw":0.41566765308380127,"type":"cylinder","vLayers":66},"rightYaw":1.2054466009140015,"type":"bifurcation"},"right":null,"type":"root"}